{"cameraMode":{"drawMode":0,"name":"Shaded","section":"Shading Mode"},"sceneLighting":true,"audioPlay":false,"sceneViewState":{"showFog":false,"showMaterialUpdate":false,"showSkybox":false,"showFlares":false,"showImageEffects":false,"showParticleSystems":false},"in2DMode":false,"pivot":{"x":23.096019744873048,"y":12.539836883544922,"z":-5.7239990234375},"rotation":{"x":-0.06714010238647461,"y":-0.7180177569389343,"z":-0.07006243616342545,"w":0.689268171787262},"size":7.002145290374756,"orthographic":false}