{"cameraMode":{"drawMode":0,"name":"Shaded","section":"Shading Mode"},"sceneLighting":true,"audioPlay":false,"sceneViewState":{"showFog":false,"showMaterialUpdate":false,"showSkybox":false,"showFlares":false,"showImageEffects":false,"showParticleSystems":false},"in2DMode":false,"pivot":{"x":4.155826091766357,"y":11.850024223327637,"z":-5.295168399810791},"rotation":{"x":-0.11579693853855133,"y":-0.5927680134773254,"z":-0.08674319088459015,"w":0.7923057675361633},"size":7.002145290374756,"orthographic":false}